[
    
        {
            "id" : "100",
            "name" : "Biography"
        },
        {
            "id" : "200",
            "name" : "Fantasy"
        },
        {
            "id" : "300",
            "name" : "Thriller"
        },
        {
            "id" : "400",
            "name" : "Science Fiction"
        },
        {
            "id" : "500",
            "name" : "novel"
        },
        {
            "id" : "600",
            "name" : "fiction"
        }
    
]